"review_id","vario_id","modifier_id","entity_id"
42,"VariO:0017",1,42
100,"VariO:0017",1,100
100,"VariO:0015",1,100
125,"VariO:0015",1,126
292,"VariO:0017",1,299
292,"VariO:0508",1,299
292,"VariO:0193",1,299
295,"VariO:0017",1,302
307,"VariO:0017",1,314
307,"VariO:0043",1,314
350,"VariO:0017",1,363
350,"VariO:0015",1,363
367,"VariO:0015",1,380
387,"VariO:0187",1,402
399,"VariO:0017",1,415
399,"VariO:0015",1,415
399,"VariO:0043",1,415
616,"VariO:0015",1,651
616,"VariO:0193",1,651
747,"VariO:0017",1,788
753,"VariO:0017",1,794
753,"VariO:0015",1,794
755,"VariO:0017",1,796
760,"VariO:0017",1,801
760,"VariO:0015",1,801
767,"VariO:0508",1,810
768,"VariO:0017",1,811
771,"VariO:0031",1,814
780,"VariO:0015",1,823
780,"VariO:0508",1,823
789,"VariO:0017",1,832
800,"VariO:0017",1,843
800,"VariO:0015",1,843
800,"VariO:0193",1,843
899,"VariO:0017",1,945
899,"VariO:0015",1,945
975,"VariO:0017",1,1023
975,"VariO:0015",1,1023
1013,"VariO:0193",1,1064
1014,"VariO:0193",1,1065
1029,"VariO:0015",1,1080
1032,"VariO:0015",1,1083
1059,"VariO:0015",1,1110
1059,"VariO:0193",1,1110
1063,"VariO:0017",1,1116
1063,"VariO:0015",1,1116
1064,"VariO:0015",1,1117
1064,"VariO:0031",1,1117
1068,"VariO:0017",1,1122
1068,"VariO:0015",1,1122
1072,"VariO:0193",1,1127
1077,"VariO:0017",1,1132
1082,"VariO:0017",1,1138
1082,"VariO:0043",1,1138
1085,"VariO:0017",1,1142
1085,"VariO:0030",1,1142
1086,"VariO:0017",1,1143
1086,"VariO:0015",1,1143
1102,"VariO:0017",1,1160
1128,"VariO:0017",1,1186
1128,"VariO:0015",1,1186
1130,"VariO:0017",1,1189
1130,"VariO:0015",1,1189
1132,"VariO:0017",1,1191
1132,"VariO:0015",1,1191
1138,"VariO:0017",1,1197
1150,"VariO:0015",1,1209
1158,"VariO:0031",1,1218
1158,"VariO:0193",1,1218
1188,"VariO:0015",1,1251
1203,"VariO:0508",1,1267
1209,"VariO:0187",1,1273
1219,"VariO:0017",1,1284
1219,"VariO:0015",1,1284
1222,"VariO:0017",1,1289
1223,"VariO:0017",1,1290
1225,"VariO:0017",1,1292
1231,"VariO:0017",1,1298
1231,"VariO:0193",1,1298
1231,"VariO:0043",1,1298
1241,"VariO:0015",1,1308
1241,"VariO:0193",1,1308
1252,"VariO:0017",1,1321
1252,"VariO:0015",1,1321
1265,"VariO:0017",1,1336
1273,"VariO:0017",1,1344
1275,"VariO:0031",1,1346
1276,"VariO:0017",1,1347
1276,"VariO:0508",1,1347
1300,"VariO:0017",1,1372
1300,"VariO:0015",1,1372
1301,"VariO:0017",1,1373
1301,"VariO:0031",1,1373
1305,"VariO:0017",1,1377
1305,"VariO:0193",1,1377
1309,"VariO:0017",1,1381
1323,"VariO:0015",1,1399
1328,"VariO:0017",1,1404
1330,"VariO:0017",1,1406
1334,"VariO:0508",1,1410
1336,"VariO:0017",1,1412
1336,"VariO:0015",1,1412
1337,"VariO:0189",1,1413
1338,"VariO:0017",1,1414
1339,"VariO:0017",1,1415
1348,"VariO:0017",1,1424
1348,"VariO:0015",1,1424
1354,"VariO:0017",1,1430
1354,"VariO:0015",1,1430
1363,"VariO:0017",1,1440
1363,"VariO:0015",1,1440
1366,"VariO:0017",1,1443
1366,"VariO:0015",1,1443
1367,"VariO:0017",1,1444
1367,"VariO:0040",1,1444
1367,"VariO:0043",1,1444
1369,"VariO:0031",1,1446
1369,"VariO:0193",1,1446
1380,"VariO:0508",1,1457
1382,"VariO:0017",1,1459
1383,"VariO:0017",1,1460
1385,"VariO:0015",1,1462
1386,"VariO:0015",1,1463
1386,"VariO:0193",1,1463
1407,"VariO:0017",1,1484
1407,"VariO:0015",1,1484
1416,"VariO:0017",1,1493
1419,"VariO:0017",1,1496
1427,"VariO:0017",1,1504
1439,"VariO:0015",1,1516
1445,"VariO:0508",1,1522
1447,"VariO:0015",1,1524
1450,"VariO:0508",1,1527
1454,"VariO:0015",1,1531
1471,"VariO:0508",1,1550
1471,"VariO:0193",1,1550
1472,"VariO:0193",1,1551
1474,"VariO:0193",1,1553
1474,"VariO:0187",1,1553
1476,"VariO:0193",1,1555
1477,"VariO:0193",1,1556
1478,"VariO:0193",1,1557
1480,"VariO:0017",1,1559
1482,"VariO:0017",1,1561
1493,"VariO:0017",1,1572
1495,"VariO:0193",1,1574
1496,"VariO:0187",1,1575
1520,"VariO:0015",1,1599
1522,"VariO:0017",1,1601
1528,"VariO:0017",1,1607
1528,"VariO:0015",1,1607
1535,"VariO:0017",1,1614
1535,"VariO:0193",1,1614
1547,"VariO:0187",1,1626
1548,"VariO:0187",1,1627
1549,"VariO:0187",1,1628
1551,"VariO:0017",1,1630
1553,"VariO:0017",1,1632
1553,"VariO:0030",1,1632
1553,"VariO:0043",1,1632
1561,"VariO:0015",1,1640
1566,"VariO:0017",1,1645
1566,"VariO:0015",1,1645
1577,"VariO:0193",1,1656
1601,"VariO:0508",1,1680
1606,"VariO:0017",1,1685
1608,"VariO:0017",1,1687
1608,"VariO:0015",1,1687
1615,"VariO:0017",1,1694
1629,"VariO:0017",1,1708
1629,"VariO:0015",1,1708
1630,"VariO:0017",1,1709
1630,"VariO:0015",1,1709
1633,"VariO:0015",1,1712
1633,"VariO:0030",1,1712
1634,"VariO:0017",1,1713
1636,"VariO:0017",1,1715
1636,"VariO:0015",1,1715
1639,"VariO:0017",1,1718
1639,"VariO:0015",1,1718
1641,"VariO:0015",1,1720
1655,"VariO:0015",1,1735
1659,"VariO:0017",1,1739
1659,"VariO:0187",1,1739
1662,"VariO:0017",1,1742
1664,"VariO:0017",1,1744
1665,"VariO:0031",1,1745
1667,"VariO:0193",1,1747
1668,"VariO:0017",1,1748
1672,"VariO:0015",1,1752
1673,"VariO:0017",1,1753
1677,"VariO:0017",1,1757
1678,"VariO:0017",1,1758
1679,"VariO:0017",1,1759
1679,"VariO:0015",1,1759
1680,"VariO:0031",1,1760
1681,"VariO:0017",1,1761
1682,"VariO:0017",1,1762
1683,"VariO:0508",1,1763
1684,"VariO:0017",1,1764
1685,"VariO:0017",1,1765
1686,"VariO:0017",1,1766
1686,"VariO:0015",1,1766
1687,"VariO:0017",1,1767
1688,"VariO:0017",1,1768
1689,"VariO:0017",1,1769
1690,"VariO:0017",1,1770
1691,"VariO:0017",1,1771
1692,"VariO:0015",1,1772
1693,"VariO:0031",1,1773
1695,"VariO:0017",1,1775
1695,"VariO:0015",1,1775
1696,"VariO:0031",1,1776
1696,"VariO:0193",1,1776
1697,"VariO:0017",1,1777
1698,"VariO:0017",1,1778
1699,"VariO:0017",1,1779
1700,"VariO:0031",1,1780
1701,"VariO:0017",1,1781
1702,"VariO:0017",1,1782
1703,"VariO:0017",1,1783
1704,"VariO:0017",1,1784
1717,"VariO:0031",1,1797
1718,"VariO:0031",1,1798
1719,"VariO:0015",1,1800
1726,"VariO:0043",1,1807
1727,"VariO:0015",1,1808
1728,"VariO:0015",1,1809
1729,"VariO:0031",1,1810
1730,"VariO:0015",1,1811
1731,"VariO:0031",1,1812
1732,"VariO:0015",1,1813
1733,"VariO:0015",1,1814
1734,"VariO:0508",1,1815
1737,"VariO:0015",1,1818
1738,"VariO:0015",1,1819
1739,"VariO:0015",1,1820
1742,"VariO:0017",1,1823
1745,"VariO:0017",1,1826
1745,"VariO:0015",1,1826
1749,"VariO:0017",1,1830
1749,"VariO:0015",1,1830
1754,"VariO:0017",1,1835
1754,"VariO:0015",1,1835
1776,"VariO:0017",1,1857
1776,"VariO:0015",1,1857
1778,"VariO:0017",1,1859
1778,"VariO:0031",1,1859
1784,"VariO:0015",1,1865
1790,"VariO:0017",1,1871
1795,"VariO:0017",1,1876
1795,"VariO:0015",1,1876
1806,"VariO:0015",1,1887
1807,"VariO:0017",1,1888
1808,"VariO:0017",1,1889
1808,"VariO:0015",1,1889
1823,"VariO:0193",1,1904
1825,"VariO:0017",1,1906
1848,"VariO:0508",1,1930
1853,"VariO:0017",1,1935
1855,"VariO:0017",1,1937
1856,"VariO:0193",1,1938
1866,"VariO:0017",1,1948
1866,"VariO:0015",1,1948
1868,"VariO:0015",1,1950
1869,"VariO:0017",1,1951
1869,"VariO:0015",1,1951
1870,"VariO:0017",1,1952
1870,"VariO:0015",1,1952
1871,"VariO:0508",1,1953
1872,"VariO:0015",1,1954
1874,"VariO:0508",1,1956
1875,"VariO:0015",1,1957
1877,"VariO:0015",1,1959
1878,"VariO:0015",1,1960
1879,"VariO:0017",1,1961
1879,"VariO:0015",1,1961
1880,"VariO:0015",1,1962
1881,"VariO:0017",1,1963
1883,"VariO:0017",1,1965
1883,"VariO:0508",1,1965
1884,"VariO:0017",1,1966
1885,"VariO:0017",1,1967
1886,"VariO:0017",1,1968
1887,"VariO:0017",1,1969
1888,"VariO:0017",1,1970
1888,"VariO:0015",1,1970
1889,"VariO:0017",1,1971
1891,"VariO:0017",1,1973
1892,"VariO:0017",1,1974
1893,"VariO:0017",1,1975
1893,"VariO:0015",1,1975
1894,"VariO:0017",1,1976
1895,"VariO:0017",1,1977
1896,"VariO:0017",1,1978
1897,"VariO:0017",1,1979
1898,"VariO:0017",1,1980
1899,"VariO:0017",1,1981
1899,"VariO:0508",1,1981
1900,"VariO:0017",1,1982
1901,"VariO:0017",1,1983
1903,"VariO:0017",1,1985
1905,"VariO:0017",1,1987
1906,"VariO:0017",1,1988
1907,"VariO:0017",1,1989
1908,"VariO:0017",1,1990
1909,"VariO:0015",1,1991
1911,"VariO:0017",1,1993
1913,"VariO:0017",1,1995
1914,"VariO:0015",1,1996
1915,"VariO:0017",1,1997
1917,"VariO:0017",1,1999
1921,"VariO:0017",1,2003
1921,"VariO:0015",1,2003
1925,"VariO:0017",1,2007
1932,"VariO:0017",1,2014
1937,"VariO:0017",1,2019
1939,"VariO:0017",1,2021
1939,"VariO:0015",1,2021
1939,"VariO:0508",1,2021
1950,"VariO:0017",1,2032
1954,"VariO:0193",1,2036
1961,"VariO:0015",1,2043
1962,"VariO:0017",1,2044
1962,"VariO:0015",1,2044
1976,"VariO:0017",1,2058
1986,"VariO:0017",1,2068
1991,"VariO:0017",1,2073
1994,"VariO:0017",1,2076
1994,"VariO:0015",1,2076
1994,"VariO:0508",1,2076
1997,"VariO:0017",1,2079
2004,"VariO:0015",1,2086
2010,"VariO:0017",1,2092
2016,"VariO:0017",1,2098
2016,"VariO:0015",1,2098
2018,"VariO:0031",1,2100
2019,"VariO:0017",1,2101
2020,"VariO:0017",1,2102
2024,"VariO:0017",1,2106
2025,"VariO:0017",1,2107
2026,"VariO:0015",1,2108
2027,"VariO:0015",1,2109
2030,"VariO:0017",1,2112
2031,"VariO:0017",1,2113
2032,"VariO:0017",1,2114
2033,"VariO:0031",1,2115
2034,"VariO:0017",1,2116
2035,"VariO:0017",1,2117
2035,"VariO:0015",1,2117
2036,"VariO:0017",1,2118
2037,"VariO:0031",1,2120
2037,"VariO:0015",1,2120
2038,"VariO:0017",1,2121
2039,"VariO:0031",1,2122
2040,"VariO:0017",1,2123
2041,"VariO:0017",1,2124
2042,"VariO:0017",1,2125
2043,"VariO:0017",1,2126
2044,"VariO:0017",1,2127
2045,"VariO:0017",1,2128
2046,"VariO:0017",1,2129
2050,"VariO:0017",1,2133
2050,"VariO:0015",1,2133
2052,"VariO:0015",1,2135
2053,"VariO:0017",1,2136
2053,"VariO:0015",1,2136
2099,"VariO:0017",1,2182
2099,"VariO:0015",1,2182
2109,"VariO:0017",1,2192
2114,"VariO:0017",1,2197
2114,"VariO:0015",1,2197
2116,"VariO:0017",1,2199
2117,"VariO:0017",1,2200
2119,"VariO:0015",1,2202
2130,"VariO:0017",1,2213
2131,"VariO:0017",1,2214
2156,"VariO:0017",1,2239
2156,"VariO:0015",1,2239
2157,"VariO:0017",1,2240
2157,"VariO:0508",1,2240
2164,"VariO:0017",1,2247
2165,"VariO:0017",1,2248
2165,"VariO:0015",1,2248
2195,"VariO:0508",1,2278
2209,"VariO:0015",1,2292
2210,"VariO:0015",1,2293
2211,"VariO:0015",1,2294
2212,"VariO:0017",1,2295
2212,"VariO:0015",1,2295
2212,"VariO:0043",1,2295
2216,"VariO:0193",1,2299
2218,"VariO:0017",1,2301
2220,"VariO:0017",1,2303
2220,"VariO:0015",1,2303
2221,"VariO:0043",1,2304
2229,"VariO:0017",1,2312
2229,"VariO:0015",1,2312
2229,"VariO:0193",1,2312
2232,"VariO:0193",1,2315
2241,"VariO:0017",1,2324
2245,"VariO:0017",1,2328
2251,"VariO:0017",1,2334
2251,"VariO:0015",1,2334
2255,"VariO:0017",1,2338
2263,"VariO:0017",1,2346
2264,"VariO:0017",1,2347
2266,"VariO:0017",1,2349
2267,"VariO:0017",1,2350
2269,"VariO:0017",1,2352
2270,"VariO:0015",1,2353
2271,"VariO:0508",1,2354
2272,"VariO:0017",1,2355
2273,"VariO:0017",1,2356
2276,"VariO:0017",1,2359
2277,"VariO:0015",1,2360
2278,"VariO:0508",1,2361
2279,"VariO:0017",1,2362
2280,"VariO:0015",1,2363
2281,"VariO:0508",1,2364
2283,"VariO:0193",1,2366
2284,"VariO:0017",1,2367
2285,"VariO:0031",1,2368
2286,"VariO:0031",1,2369
2288,"VariO:0017",1,2371
2289,"VariO:0017",1,2372
2290,"VariO:0017",1,2373
2291,"VariO:0017",1,2374
2292,"VariO:0017",1,2375
2293,"VariO:0017",1,2376
2294,"VariO:0017",1,2377
2296,"VariO:0017",1,2379
2299,"VariO:0031",1,2382
2301,"VariO:0017",1,2384
2302,"VariO:0017",1,2385
2303,"VariO:0017",1,2386
2304,"VariO:0017",1,2387
2306,"VariO:0017",1,2389
2307,"VariO:0015",1,2390
2308,"VariO:0017",1,2391
2309,"VariO:0015",1,2392
2310,"VariO:0031",1,2393
2311,"VariO:0031",1,2394
2312,"VariO:0031",1,2395
2313,"VariO:0508",1,2396
2315,"VariO:0017",1,2398
2317,"VariO:0017",1,2400
2318,"VariO:0017",1,2401
2319,"VariO:0017",1,2402
2321,"VariO:0031",1,2404
2322,"VariO:0017",1,2405
2322,"VariO:0508",1,2405
2329,"VariO:0193",1,2412
2334,"VariO:0017",1,2417
2334,"VariO:0015",1,2417
2335,"VariO:0193",1,2418
2336,"VariO:0193",1,2419
2337,"VariO:0017",1,2420
2338,"VariO:0193",1,2421
2352,"VariO:0040",1,2435
2357,"VariO:0017",1,2440
2362,"VariO:0017",1,2445
2373,"VariO:0017",1,2456
2376,"VariO:0187",1,2459
2380,"VariO:0017",1,2463
2380,"VariO:0193",1,2463
2388,"VariO:0017",1,2471
2388,"VariO:0015",1,2471
2390,"VariO:0193",1,2473
2400,"VariO:0193",1,2483
2409,"VariO:0017",1,2492
2409,"VariO:0015",1,2492
2409,"VariO:0508",1,2492
2419,"VariO:0017",1,2502
2421,"VariO:0017",1,2504
2421,"VariO:0015",1,2504
2424,"VariO:0015",1,2507
2431,"VariO:0015",1,2514
2446,"VariO:0017",1,2529
2446,"VariO:0015",1,2529
2453,"VariO:0017",1,2536
2453,"VariO:0015",1,2536
2454,"VariO:0015",1,2537
2462,"VariO:0017",1,2545
2462,"VariO:0015",1,2545
2477,"VariO:0043",1,2560
2486,"VariO:0030",1,2569
2486,"VariO:0193",1,2569
2510,"VariO:0015",1,2595
2513,"VariO:0017",1,2598
2516,"VariO:0017",1,2601
2516,"VariO:0015",1,2601
2519,"VariO:0508",1,2604
2519,"VariO:0193",1,2604
2560,"VariO:0017",1,2646
2560,"VariO:0015",1,2646
2560,"VariO:0193",1,2646
2564,"VariO:0015",1,2650
2565,"VariO:0015",1,2651
2565,"VariO:0508",1,2651
2566,"VariO:0193",1,2652
2569,"VariO:0017",1,2655
2576,"VariO:0193",1,2662
2577,"VariO:0017",1,2663
2578,"VariO:0017",1,2664
2579,"VariO:0017",1,2665
2580,"VariO:0017",1,2666
2581,"VariO:0017",1,2667
2582,"VariO:0017",1,2668
2583,"VariO:0017",1,2669
2584,"VariO:0017",1,2670
2585,"VariO:0017",1,2671
2585,"VariO:0015",1,2671
2586,"VariO:0017",1,2672
2587,"VariO:0017",1,2673
2588,"VariO:0017",1,2674
2589,"VariO:0187",1,2675
2591,"VariO:0017",1,2677
2592,"VariO:0017",1,2678
2595,"VariO:0017",1,2681
2596,"VariO:0017",1,2682
2598,"VariO:0508",1,2684
2599,"VariO:0017",1,2685
2600,"VariO:0193",1,2686
2601,"VariO:0017",1,2687
2602,"VariO:0017",1,2688
2603,"VariO:0015",1,2689
2604,"VariO:0017",1,2690
2605,"VariO:0017",1,2691
2606,"VariO:0193",1,2692
2608,"VariO:0017",1,2695
2609,"VariO:0017",1,2696
2610,"VariO:0017",1,2697
2611,"VariO:0017",1,2698
2612,"VariO:0031",1,2699
2613,"VariO:0017",1,2700
2614,"VariO:0017",1,2701
2616,"VariO:0017",1,2703
2617,"VariO:0017",1,2704
2618,"VariO:0017",1,2705
2624,"VariO:0017",1,2711
2626,"VariO:0017",1,2713
2627,"VariO:0017",1,2714
2627,"VariO:0043",1,2714
2628,"VariO:0017",1,2715
2630,"VariO:0031",1,2717
2632,"VariO:0031",1,2719
2636,"VariO:0017",1,2723
2637,"VariO:0017",1,2724
2637,"VariO:0043",1,2724
2638,"VariO:0017",1,2725
2638,"VariO:0015",1,2725
2639,"VariO:0017",1,2726
2640,"VariO:0017",1,2727
2640,"VariO:0043",1,2727
2641,"VariO:0017",1,2728
2642,"VariO:0017",1,2729
2643,"VariO:0017",1,2730
2644,"VariO:0017",1,2731
2644,"VariO:0015",1,2731
2644,"VariO:0043",1,2731
2645,"VariO:0015",1,2732
2646,"VariO:0017",1,2733
2646,"VariO:0043",1,2733
2647,"VariO:0508",1,2734
2648,"VariO:0017",1,2735
2651,"VariO:0017",1,2738
2651,"VariO:0043",1,2738
2660,"VariO:0193",1,2747
2660,"VariO:0043",1,2747
2668,"VariO:0017",1,2755
2668,"VariO:0040",1,2755
2676,"VariO:0017",1,2763
2678,"VariO:0017",1,2765
2680,"VariO:0187",1,2767
2681,"VariO:0017",1,2768
2681,"VariO:0015",1,2768
2682,"VariO:0017",1,2769
2684,"VariO:0015",1,2771
2687,"VariO:0015",1,2774
2689,"VariO:0017",1,2776
2691,"VariO:0508",1,2778
2693,"VariO:0015",1,2780
2696,"VariO:0187",1,2783
2697,"VariO:0193",1,2784
2698,"VariO:0017",1,2785
2698,"VariO:0193",1,2785
2701,"VariO:0017",1,2788
2702,"VariO:0017",1,2789
2702,"VariO:0193",1,2789
2703,"VariO:0017",1,2790
2716,"VariO:0015",1,2803
2730,"VariO:0193",1,2817
2731,"VariO:0017",1,2818
2731,"VariO:0015",1,2818
2734,"VariO:0015",1,2821
2736,"VariO:0017",1,2823
2737,"VariO:0017",1,2824
2738,"VariO:0017",1,2825
2739,"VariO:0017",1,2826
2740,"VariO:0017",1,2827
2741,"VariO:0017",1,2828
2742,"VariO:0017",1,2829
2743,"VariO:0017",1,2830
2745,"VariO:0017",1,2832
2747,"VariO:0017",1,2834
2748,"VariO:0017",1,2835
2749,"VariO:0017",1,2836
2750,"VariO:0017",1,2837
2751,"VariO:0017",1,2838
2754,"VariO:0017",1,2841
2755,"VariO:0017",1,2842
2756,"VariO:0017",1,2843
2757,"VariO:0017",1,2844
2758,"VariO:0017",1,2845
2759,"VariO:0017",1,2846
2760,"VariO:0017",1,2847
2761,"VariO:0017",1,2848
2762,"VariO:0017",1,2849
2763,"VariO:0017",1,2850
2764,"VariO:0017",1,2851
2765,"VariO:0017",1,2852
2766,"VariO:0017",1,2853
2767,"VariO:0017",1,2854
2768,"VariO:0017",1,2855
2769,"VariO:0017",1,2856
2770,"VariO:0017",1,2857
2771,"VariO:0017",1,2858
2772,"VariO:0017",1,2859
2773,"VariO:0017",1,2860
2774,"VariO:0017",1,2861
2775,"VariO:0017",1,2862
2776,"VariO:0017",1,2863
2777,"VariO:0017",1,2864
2778,"VariO:0017",1,2865
2783,"VariO:0015",1,2870
2783,"VariO:0193",1,2870
2786,"VariO:0040",1,2873
2792,"VariO:0017",1,2881
2793,"VariO:0017",1,2882
2793,"VariO:0015",1,2882
2793,"VariO:0508",1,2882
2811,"VariO:0017",1,2900
2813,"VariO:0193",1,2902
2813,"VariO:0187",1,2902
2816,"VariO:0015",1,2905
2830,"VariO:0017",1,2919
2830,"VariO:0015",1,2919
2842,"VariO:0017",1,2931
2852,"VariO:0017",1,2941
2855,"VariO:0017",1,2944
2856,"VariO:0015",1,2945
2857,"VariO:0017",1,2946
2857,"VariO:0015",1,2946
2896,"VariO:0017",1,2985
2896,"VariO:0015",1,2985
2902,"VariO:0193",1,2991
2904,"VariO:0017",1,2993
2904,"VariO:0508",1,2993
2906,"VariO:0193",1,2996
2913,"VariO:0017",1,3003
2917,"VariO:0017",1,3007
2918,"VariO:0017",1,3008
2918,"VariO:0015",1,3008
2919,"VariO:0017",1,3009
2920,"VariO:0017",1,3010
2921,"VariO:0017",1,3011
2928,"VariO:0017",1,3018
2930,"VariO:0017",1,3020
2930,"VariO:0031",1,3020
2930,"VariO:0015",1,3020
2933,"VariO:0017",1,3023
2934,"VariO:0017",1,3024
2937,"VariO:0015",1,3027
2938,"VariO:0017",1,3028
2938,"VariO:0015",1,3028
2939,"VariO:0015",1,3030
2946,"VariO:0017",1,3037
2950,"VariO:0043",1,3041
2951,"VariO:0017",1,3042
2953,"VariO:0017",1,3044
2954,"VariO:0015",1,3045
2955,"VariO:0017",1,3046
2956,"VariO:0508",1,3047
2957,"VariO:0193",1,3048
2958,"VariO:0015",1,3049
2964,"VariO:0017",1,3055
2964,"VariO:0031",1,3055
2965,"VariO:0017",1,3056
2966,"VariO:0015",1,3057
2967,"VariO:0017",1,3058
2968,"VariO:0043",1,3059
2970,"VariO:0017",1,3061
2971,"VariO:0017",1,3062
2972,"VariO:0017",1,3063
2973,"VariO:0017",1,3064
2973,"VariO:0031",1,3064
2974,"VariO:0015",1,3065
2975,"VariO:0015",1,3066
2977,"VariO:0017",1,3068
2978,"VariO:0017",1,3069
2980,"VariO:0017",1,3071
2981,"VariO:0017",1,3072
2981,"VariO:0015",1,3072
2982,"VariO:0017",1,3073
2983,"VariO:0193",1,3074
2984,"VariO:0017",1,3075
2985,"VariO:0017",1,3076
2986,"VariO:0017",1,3077
2986,"VariO:0015",1,3077
2987,"VariO:0193",1,3078
2989,"VariO:0017",1,3080
2990,"VariO:0017",1,3081
2991,"VariO:0017",1,3082
2992,"VariO:0017",1,3083
2994,"VariO:0017",1,3085
2998,"VariO:0017",1,3089
2999,"VariO:0508",1,3091
2999,"VariO:0043",1,3091
3000,"VariO:0017",1,3092
3001,"VariO:0043",1,3093
3003,"VariO:0193",1,3095
3004,"VariO:0043",1,3096
3006,"VariO:0015",1,3098
3007,"VariO:0017",1,3099
3007,"VariO:0193",1,3099
3013,"VariO:0040",1,3105
3017,"VariO:0015",1,3109
3021,"VariO:0017",1,3113
3022,"VariO:0030",1,3114
3022,"VariO:0508",1,3114
3022,"VariO:0193",1,3114
3024,"VariO:0015",1,3116
3026,"VariO:0017",1,3118
3026,"VariO:0193",1,3118
3029,"VariO:0017",1,3121
3029,"VariO:0508",1,3121
3031,"VariO:0193",1,3123
3032,"VariO:0193",1,3124
3033,"VariO:0508",1,3125
3033,"VariO:0193",1,3125
3034,"VariO:0015",1,3126
3036,"VariO:0015",1,3128
3037,"VariO:0017",1,3129
3039,"VariO:0015",1,3131
3040,"VariO:0017",1,3132
3044,"VariO:0017",1,3136
3046,"VariO:0193",1,3138
3047,"VariO:0017",1,3139
3047,"VariO:0015",1,3139
3047,"VariO:0193",1,3139
3048,"VariO:0015",1,3140
3048,"VariO:0193",1,3140
3048,"VariO:0187",1,3140
3050,"VariO:0017",1,3142
3051,"VariO:0017",1,3143
3052,"VariO:0508",1,3144
3054,"VariO:0017",1,3146
3056,"VariO:0015",1,3148
3057,"VariO:0017",1,3149
3058,"VariO:0017",1,3150
3059,"VariO:0017",1,3151
3072,"VariO:0017",1,3164
3072,"VariO:0043",1,3164
3073,"VariO:0017",1,3165
3073,"VariO:0015",1,3165
3074,"VariO:0017",1,3166
3074,"VariO:0508",1,3166
3075,"VariO:0015",1,3167
3080,"VariO:0017",1,3172
3081,"VariO:0017",1,3173
3082,"VariO:0017",1,3174
3082,"VariO:0043",1,3174
3086,"VariO:0031",1,3178
3087,"VariO:0017",1,3179
3088,"VariO:0017",1,3180
3089,"VariO:0017",1,3181
3090,"VariO:0015",1,3182
3093,"VariO:0017",1,3185
3094,"VariO:0017",1,3186
3094,"VariO:0015",1,3186
3095,"VariO:0017",1,3187
3095,"VariO:0015",1,3187
3096,"VariO:0017",1,3188
3096,"VariO:0015",1,3188
3098,"VariO:0017",1,3190
3098,"VariO:0015",1,3190
3107,"VariO:0015",1,3199
3108,"VariO:0017",1,3200
3109,"VariO:0017",1,3201
3110,"VariO:0017",1,3202
3111,"VariO:0015",1,3203
3112,"VariO:0017",1,3204
3117,"VariO:0015",1,3209
3135,"VariO:0017",1,3227
3137,"VariO:0017",1,3229
3139,"VariO:0017",1,3231
3139,"VariO:0015",1,3231
3140,"VariO:0015",1,3232
3141,"VariO:0017",1,3233
3143,"VariO:0015",1,3235
3144,"VariO:0508",1,3236
3145,"VariO:0017",1,3237
3146,"VariO:0017",1,3238
3146,"VariO:0015",1,3238
3148,"VariO:0017",1,3240
3149,"VariO:0017",1,3241
3150,"VariO:0015",1,3242
3151,"VariO:0015",1,3243
3151,"VariO:0508",1,3243
3154,"VariO:0015",1,3246
3155,"VariO:0017",1,3247
3155,"VariO:0015",1,3247
3155,"VariO:0043",1,3247
3157,"VariO:0031",1,3249
3158,"VariO:0015",1,3250
3160,"VariO:0017",1,3252
3164,"VariO:0017",1,3256
3165,"VariO:0017",1,3257
3166,"VariO:0017",1,3258
3166,"VariO:0015",1,3258
3170,"VariO:0017",1,3262
3170,"VariO:0030",1,3262
3172,"VariO:0015",1,3264
3173,"VariO:0017",1,3265
3174,"VariO:0017",1,3266
3174,"VariO:0015",1,3266
3174,"VariO:0040",1,3266
3175,"VariO:0017",1,3267
3175,"VariO:0031",1,3267
3175,"VariO:0015",1,3267
3176,"VariO:0017",1,3268
3177,"VariO:0017",1,3269
3179,"VariO:0017",1,3271
3183,"VariO:0193",1,3275
3184,"VariO:0508",1,3276
3184,"VariO:0193",1,3276
3186,"VariO:0017",1,3278
3189,"VariO:0017",1,3281
3189,"VariO:0015",1,3281
3190,"VariO:0017",1,3282
3192,"VariO:0017",1,3284
3194,"VariO:0017",1,3286
3194,"VariO:0015",1,3286
3194,"VariO:0193",1,3286
3195,"VariO:0015",1,3287
3195,"VariO:0508",1,3287
3196,"VariO:0015",1,3288
3197,"VariO:0017",1,3289
3200,"VariO:0015",1,3292
3202,"VariO:0017",1,3294
3202,"VariO:0015",1,3294
3203,"VariO:0017",1,3295
3204,"VariO:0015",1,3296
3205,"VariO:0017",1,3297
3206,"VariO:0017",1,3298
3206,"VariO:0030",1,3298
3207,"VariO:0017",1,3299
3208,"VariO:0017",1,3300
3209,"VariO:0017",1,3301
3210,"VariO:0017",1,3302
3210,"VariO:0015",1,3302
3210,"VariO:0508",1,3302
3211,"VariO:0015",1,3303
3212,"VariO:0015",1,3304
3213,"VariO:0017",1,3305
3215,"VariO:0193",1,3307
3222,"VariO:0017",1,3314
3223,"VariO:0017",1,3315
3228,"VariO:0017",1,3320
3232,"VariO:0015",1,3324
3248,"VariO:0015",1,3340
3249,"VariO:0017",1,3341
3249,"VariO:0508",1,3341
3250,"VariO:0017",1,3342
3250,"VariO:0015",1,3342
3251,"VariO:0015",1,3343
3252,"VariO:0017",1,3344
3252,"VariO:0015",1,3344
3254,"VariO:0017",1,3346
3255,"VariO:0017",1,3347
3255,"VariO:0015",1,3347
3261,"VariO:0015",1,3353
3267,"VariO:0017",1,3359
3268,"VariO:0017",1,3360
3268,"VariO:0015",1,3360
3268,"VariO:0193",1,3360
3269,"VariO:0017",1,3361
3269,"VariO:0030",1,3361
3270,"VariO:0017",1,3362
3271,"VariO:0017",1,3363
3272,"VariO:0017",1,3364
3273,"VariO:0017",1,3365
3274,"VariO:0017",1,3366
3274,"VariO:0015",1,3366
3275,"VariO:0017",1,3367
3277,"VariO:0017",1,3369
3277,"VariO:0015",1,3369
3278,"VariO:0017",1,3370
3279,"VariO:0017",1,3371
3279,"VariO:0015",1,3371
3280,"VariO:0017",1,3372
3280,"VariO:0015",1,3372
3281,"VariO:0017",1,3373
3281,"VariO:0015",1,3373
3282,"VariO:0017",1,3374
3283,"VariO:0017",1,3375
3284,"VariO:0017",1,3376
3285,"VariO:0017",1,3377
3285,"VariO:0015",1,3377
3286,"VariO:0017",1,3378
3286,"VariO:0015",1,3378
3287,"VariO:0017",1,3379
3288,"VariO:0017",1,3380
3288,"VariO:0015",1,3380
3289,"VariO:0017",1,3381
3291,"VariO:0017",1,3383
3291,"VariO:0015",1,3383
3292,"VariO:0017",1,3384
3296,"VariO:0017",1,3388
3297,"VariO:0015",1,3389
3298,"VariO:0017",1,3390
3299,"VariO:0017",1,3391
3299,"VariO:0015",1,3391
3300,"VariO:0187",1,3392
3301,"VariO:0017",1,3393
3301,"VariO:0015",1,3393
3302,"VariO:0017",1,3394
3302,"VariO:0015",1,3394
3302,"VariO:0508",1,3394
3303,"VariO:0015",1,3396
3304,"VariO:0017",1,3397
3305,"VariO:0015",1,3398
3305,"VariO:0187",1,3398
3306,"VariO:0132",1,3399
3307,"VariO:0017",1,3400
3307,"VariO:0508",1,3400
3310,"VariO:0017",1,3403
3311,"VariO:0017",1,3404
3311,"VariO:0508",1,3404
3312,"VariO:0017",1,3405
3312,"VariO:0508",1,3405
3313,"VariO:0031",1,3406
3314,"VariO:0017",1,3407
3316,"VariO:0017",1,3409
3317,"VariO:0017",1,3410
3321,"VariO:0017",1,3414
3321,"VariO:0015",1,3414
3322,"VariO:0017",1,3415
3323,"VariO:0017",1,3416
3323,"VariO:0015",1,3416
3324,"VariO:0017",1,3417
3324,"VariO:0015",1,3417
3325,"VariO:0017",1,3418
3325,"VariO:0015",1,3418
3326,"VariO:0017",1,3419
3326,"VariO:0508",1,3419
3327,"VariO:0017",1,3420
3327,"VariO:0015",1,3420
3328,"VariO:0017",1,3421
3328,"VariO:0015",1,3421
3329,"VariO:0017",1,3422
3331,"VariO:0015",1,3424
3332,"VariO:0015",1,3425
3333,"VariO:0015",1,3426
3334,"VariO:0017",1,3427
3335,"VariO:0017",1,3428
3336,"VariO:0015",1,3429
3340,"VariO:0508",1,3433
3342,"VariO:0017",1,3435
3342,"VariO:0015",1,3435
3344,"VariO:0017",1,3437
3346,"VariO:0015",1,3439
3347,"VariO:0017",1,3440
3348,"VariO:0508",1,3441
3349,"VariO:0017",1,3442
3349,"VariO:0015",1,3442
3350,"VariO:0015",1,3443
3357,"VariO:0017",1,3450
3357,"VariO:0015",1,3450
3367,"VariO:0017",1,3460
3367,"VariO:0508",1,3460
3380,"VariO:0017",1,3473
3381,"VariO:0017",1,3474
3382,"VariO:0017",1,3475
3382,"VariO:0015",1,3475
3383,"VariO:0015",1,3476
3385,"VariO:0031",1,3478
3386,"VariO:0017",1,3479
3386,"VariO:0015",1,3479
3387,"VariO:0017",1,3480
3387,"VariO:0015",1,3480
3388,"VariO:0017",1,3481
3389,"VariO:0015",1,3482
3390,"VariO:0015",1,3483
3391,"VariO:0015",1,3484
3393,"VariO:0015",1,3486
3394,"VariO:0017",1,3487
3395,"VariO:0017",1,3488
3395,"VariO:0015",1,3488
3396,"VariO:0017",1,3489
3396,"VariO:0015",1,3489
3397,"VariO:0017",1,3490
3401,"VariO:0017",1,3494
3402,"VariO:0017",1,3495
3402,"VariO:0015",1,3495
3403,"VariO:0017",1,3496
3403,"VariO:0015",1,3496
3404,"VariO:0017",1,3497
3404,"VariO:0015",1,3497
3408,"VariO:0017",1,3501
3409,"VariO:0017",1,3502
3409,"VariO:0508",1,3502
3410,"VariO:0017",1,3503
3410,"VariO:0508",1,3503
3412,"VariO:0017",1,3505
3414,"VariO:0017",1,3507
3414,"VariO:0015",1,3507
3419,"VariO:0017",1,3512
3420,"VariO:0017",1,3513
3420,"VariO:0015",1,3513
3421,"VariO:0017",1,3514
3425,"VariO:0015",1,3518
3426,"VariO:0030",1,3519
3426,"VariO:0508",1,3519
3426,"VariO:0193",1,3519
3427,"VariO:0017",1,3520
3430,"VariO:0017",1,3523
3430,"VariO:0015",1,3523
3430,"VariO:0193",1,3523
3431,"VariO:0017",1,3524
3431,"VariO:0015",1,3524
3436,"VariO:0017",1,3529
3437,"VariO:0017",1,3530
3438,"VariO:0017",1,3531
3438,"VariO:0508",1,3531
3439,"VariO:0043",1,3532
3440,"VariO:0017",1,3533
3441,"VariO:0017",1,3534
3444,"VariO:0015",1,3537
3445,"VariO:0017",1,3538
3446,"VariO:0017",1,3539
3446,"VariO:0015",1,3539
3453,"VariO:0015",1,3546
3456,"VariO:0017",1,3549
3456,"VariO:0015",1,3549
3457,"VariO:0017",1,3550
3458,"VariO:0017",1,3551
3459,"VariO:0017",1,3552
3460,"VariO:0015",1,3553
3461,"VariO:0017",1,3554
3462,"VariO:0043",1,3555
3463,"VariO:0017",1,3556
3465,"VariO:0017",1,3558
3466,"VariO:0017",1,3559
3467,"VariO:0017",1,3560
3468,"VariO:0017",1,3561
3469,"VariO:0193",1,3562
3470,"VariO:0017",1,3563
3471,"VariO:0017",1,3564
3472,"VariO:0017",1,3565
3473,"VariO:0017",1,3566
3473,"VariO:0015",1,3566
3474,"VariO:0017",1,3567
3474,"VariO:0508",1,3567
3476,"VariO:0017",1,3569
3476,"VariO:0015",1,3569
3477,"VariO:0017",1,3570
3477,"VariO:0193",1,3570
3478,"VariO:0193",1,3571
3480,"VariO:0017",1,3573
3481,"VariO:0017",1,3574
3482,"VariO:0017",1,3575
3483,"VariO:0017",1,3576
3484,"VariO:0017",1,3577
3485,"VariO:0017",1,3578
3485,"VariO:0015",1,3578
3485,"VariO:0193",1,3578
3486,"VariO:0017",1,3579
3486,"VariO:0015",1,3579
3487,"VariO:0017",1,3580
3487,"VariO:0040",1,3580
3487,"VariO:0043",1,3580
3488,"VariO:0017",1,3581
3488,"VariO:0015",1,3581
3489,"VariO:0017",1,3582
3489,"VariO:0015",1,3582
3491,"VariO:0017",1,3584
3491,"VariO:0015",1,3584
3492,"VariO:0017",1,3585
3492,"VariO:0015",1,3585
3493,"VariO:0017",1,3586
3493,"VariO:0015",1,3586
3493,"VariO:0043",1,3586
3494,"VariO:0015",1,3587
3496,"VariO:0017",1,3589
3496,"VariO:0015",1,3589
3497,"VariO:0015",1,3590
3497,"VariO:0508",1,3590
3499,"VariO:0015",1,3592
3500,"VariO:0017",1,3593
3501,"VariO:0017",1,3594
3502,"VariO:0017",1,3595
3503,"VariO:0017",1,3596
3503,"VariO:0015",1,3596
3504,"VariO:0015",1,3597
3505,"VariO:0015",1,3598
3507,"VariO:0015",1,3600
3513,"VariO:0017",1,3606
3518,"VariO:0017",1,3611
3519,"VariO:0015",1,3612
3520,"VariO:0017",1,3613
3522,"VariO:0017",1,3615
3522,"VariO:0015",1,3615
3523,"VariO:0017",1,3616
3525,"VariO:0017",1,3618
3525,"VariO:0015",1,3618
3526,"VariO:0017",1,3619
3529,"VariO:0015",1,3622
3530,"VariO:0017",1,3623
3533,"VariO:0015",1,3626
3533,"VariO:0508",1,3626
3534,"VariO:0031",1,3627
3534,"VariO:0508",1,3627
3536,"VariO:0017",1,3629
3537,"VariO:0015",1,3630
3538,"VariO:0017",1,3631
3538,"VariO:0015",1,3631
3538,"VariO:0508",1,3631
3539,"VariO:0015",1,3632
3541,"VariO:0508",1,3634
3542,"VariO:0017",1,3635
3542,"VariO:0015",1,3635
3543,"VariO:0015",1,3636
3546,"VariO:0193",1,3639
3547,"VariO:0017",1,3640
3548,"VariO:0017",1,3641
3549,"VariO:0017",1,3642
3549,"VariO:0015",1,3642
3550,"VariO:0017",1,3643
3552,"VariO:0017",1,3645
3552,"VariO:0015",1,3645
3553,"VariO:0017",1,3646
3554,"VariO:0193",1,3647
3555,"VariO:0017",1,3648
3556,"VariO:0017",1,3649
3557,"VariO:0017",1,3650
3558,"VariO:0015",1,3651
3561,"VariO:0017",1,3654
3561,"VariO:0015",1,3654
3563,"VariO:0017",1,3656
3564,"VariO:0017",1,3657
3567,"VariO:0017",1,3660
3567,"VariO:0015",1,3660
3568,"VariO:0017",1,3661
3568,"VariO:0015",1,3661
3569,"VariO:0017",1,3662
3571,"VariO:0017",1,3664
3571,"VariO:0015",1,3664
3572,"VariO:0015",1,3665
3573,"VariO:0031",1,3666
3574,"VariO:0017",1,3667
3575,"VariO:0017",1,3668
3575,"VariO:0015",1,3668
3577,"VariO:0017",1,3670
3578,"VariO:0017",1,3671
3579,"VariO:0015",1,3672
3581,"VariO:0017",1,3674
3587,"VariO:0017",1,3112
3596,"VariO:0017",1,844
3596,"VariO:0040",1,844
3602,"VariO:0017",1,3348
3602,"VariO:0015",1,3348
3602,"VariO:0187",1,3348
3605,"VariO:0017",1,1396
3605,"VariO:0015",1,1396
3609,"VariO:0015",1,1145
3611,"VariO:0015",1,3644
3611,"VariO:0508",1,3644
3612,"VariO:0017",1,1617
3612,"VariO:0015",1,1617
3613,"VariO:0017",1,1707
3613,"VariO:0015",1,1707
3614,"VariO:0017",1,1725
3614,"VariO:0015",1,1725
3615,"VariO:0017",1,1714
3616,"VariO:0015",1,1721
3618,"VariO:0017",1,1736
3618,"VariO:0508",1,1736
3619,"VariO:0017",1,1910
3619,"VariO:0015",1,1910
3620,"VariO:0015",1,2018
3620,"VariO:0193",1,2018
3620,"VariO:0002",1,2018
3621,"VariO:0017",1,1864
3621,"VariO:0015",1,1864
3624,"VariO:0017",1,1152
3624,"VariO:0015",1,1152
3625,"VariO:0017",1,2069
3626,"VariO:0017",1,1280
3626,"VariO:0015",1,1280
3627,"VariO:0017",1,2052
3628,"VariO:0017",1,1119
3628,"VariO:0015",1,1119
3629,"VariO:0015",1,1774
3629,"VariO:0031",1,1774
3630,"VariO:0017",1,1363
3630,"VariO:0015",1,1363
3630,"VariO:0193",1,1363
3631,"VariO:0017",1,2210
3632,"VariO:0193",1,2277
3635,"VariO:0017",1,1848
3635,"VariO:0015",1,1848
3636,"VariO:0015",1,2429
3637,"VariO:0017",1,1453
3637,"VariO:0030",1,1453
3638,"VariO:0017",1,2501
3638,"VariO:0015",1,2501
3638,"VariO:0030",1,2501
3638,"VariO:0193",1,2501
3639,"VariO:0015",1,2641
3641,"VariO:0017",1,1124
3641,"VariO:0015",1,1124
3641,"VariO:0030",1,1124
3644,"VariO:0017",1,2753
3645,"VariO:0017",1,1925
3645,"VariO:0015",1,1925
3647,"VariO:0017",1,1109
3647,"VariO:0015",1,1109
3648,"VariO:0017",1,1048
3648,"VariO:0015",1,1048
3648,"VariO:0508",1,1048
3650,"VariO:0017",1,1326
3650,"VariO:0015",1,1326
3651,"VariO:0017",1,3230
3651,"VariO:0015",1,3230
3652,"VariO:0017",1,1649
3653,"VariO:0015",1,3504
3654,"VariO:0017",1,3536
3656,"VariO:0017",1,3145
3657,"VariO:0017",1,1867
3657,"VariO:0015",1,1867
3658,"VariO:0017",1,3675
3659,"VariO:0017",1,3676
3660,"VariO:0017",1,3677
3661,"VariO:0017",1,3678
3662,"VariO:0017",1,3679
3663,"VariO:0017",1,3680
3663,"VariO:0015",1,3680
3664,"VariO:0017",1,3681
3665,"VariO:0015",1,3682
3665,"VariO:0508",1,3682
3666,"VariO:0017",1,3683
3667,"VariO:0017",1,3684
3668,"VariO:0017",1,3685
3669,"VariO:0017",1,3686
3669,"VariO:0015",1,3686
3670,"VariO:0017",1,3687
3670,"VariO:0015",1,3687
3671,"VariO:0015",1,3688
3672,"VariO:0017",1,3689
3672,"VariO:0508",1,3689
3673,"VariO:0017",1,3690
3673,"VariO:0015",1,3690
3674,"VariO:0017",1,3691
3674,"VariO:0043",1,3691
3675,"VariO:0017",1,3692
3675,"VariO:0015",1,3692
3678,"VariO:0017",1,3695
3678,"VariO:0015",1,3695
3680,"VariO:0017",1,3697
3682,"VariO:0017",1,3699
3682,"VariO:0015",1,3699
3683,"VariO:0017",1,3700
3683,"VariO:0015",1,3700
3684,"VariO:0017",1,3701
3684,"VariO:0015",1,3701
3684,"VariO:0043",1,3701
3685,"VariO:0017",1,3702
3685,"VariO:0015",1,3702
3686,"VariO:0015",1,3703
3687,"VariO:0017",1,3704
3687,"VariO:0015",1,3704
3689,"VariO:0017",1,3706
3689,"VariO:0015",1,3706
3691,"VariO:0017",1,2577
3694,"VariO:0017",1,3316
3694,"VariO:0015",1,3316
3696,"VariO:0017",1,1407
3696,"VariO:0015",1,1407
3697,"VariO:0017",1,2499
3697,"VariO:0015",1,2499
3698,"VariO:0017",1,1984
3698,"VariO:0015",1,1984
3699,"VariO:0017",1,1624
3699,"VariO:0193",1,1624
3700,"VariO:0017",1,2587
3702,"VariO:0017",1,2764
3702,"VariO:0015",1,2764
3703,"VariO:0017",1,3637
3704,"VariO:0017",1,2935
3706,"VariO:0017",1,3454
3707,"VariO:0015",1,2067
3707,"VariO:0193",1,2067
3708,"VariO:0017",1,3033
3710,"VariO:0017",1,2938
3710,"VariO:0015",1,2938
3711,"VariO:0017",1,3708
3715,"VariO:0017",1,3712
3716,"VariO:0017",1,3713
3716,"VariO:0015",1,3713
3717,"VariO:0508",1,3714
3718,"VariO:0017",1,3715
3718,"VariO:0015",1,3715
3718,"VariO:0193",1,3715
3719,"VariO:0017",1,3716
3719,"VariO:0015",1,3716
3720,"VariO:0017",1,3717
3721,"VariO:0017",1,3718
3722,"VariO:0017",1,3719
3724,"VariO:0031",1,3721
3726,"VariO:0017",1,3723
3727,"VariO:0017",1,3724
3730,"VariO:0015",1,3727
3731,"VariO:0015",1,3728
3732,"VariO:0015",1,3729
3733,"VariO:0015",1,3730
3734,"VariO:0015",1,3731
3735,"VariO:0015",1,3732
3737,"VariO:0017",1,3734
3738,"VariO:0508",1,3735
3739,"VariO:0017",1,3736
3739,"VariO:0015",1,3736
3740,"VariO:0015",1,3737
3741,"VariO:0017",1,3739
3742,"VariO:0015",1,3740
3743,"VariO:0017",1,3741
3744,"VariO:0017",1,3742
3745,"VariO:0017",1,3743
3746,"VariO:0017",1,3744
3747,"VariO:0017",1,3745
3748,"VariO:0017",1,3746
3749,"VariO:0187",1,3747
3750,"VariO:0187",1,3748
3751,"VariO:0017",1,3749
3752,"VariO:0017",1,3750
3753,"VariO:0015",1,3752
3754,"VariO:0015",1,3753
3755,"VariO:0017",1,3754
3759,"VariO:0017",1,1277
3760,"VariO:0193",1,1552
3760,"VariO:0187",1,1552
3761,"VariO:0017",1,1972
3763,"VariO:0015",1,2399
3764,"VariO:0017",1,2621
3765,"VariO:0017",1,2745
3766,"VariO:0017",1,461
3766,"VariO:0015",1,461
3767,"VariO:0017",1,3234
3767,"VariO:0015",1,3234
3768,"VariO:0017",1,3127
3769,"VariO:0017",1,370
3769,"VariO:0015",1,370
3770,"VariO:0017",1,3402
3771,"VariO:0015",1,3599
3771,"VariO:0508",1,3599
3772,"VariO:0193",1,3755
3774,"VariO:0017",1,2772
3775,"VariO:0017",1,37
3775,"VariO:0015",1,37
3776,"VariO:0017",1,2871
3777,"VariO:0017",1,40
3778,"VariO:0017",1,1506
3778,"VariO:0015",1,1506
3780,"VariO:0017",1,1882
3781,"VariO:0017",1,1883
3782,"VariO:0017",1,3638
3784,"VariO:0017",1,3709
3785,"VariO:0017",1,1850
3785,"VariO:0015",1,1850
3788,"VariO:0017",1,2035
3788,"VariO:0015",1,2035
3791,"VariO:0193",1,2001
3793,"VariO:0017",1,1805
3793,"VariO:0015",1,1805
3796,"VariO:0017",1,830
3796,"VariO:0015",1,830
3797,"VariO:0017",1,3469
3808,"VariO:0017",1,2737
3808,"VariO:0015",1,2737
3808,"VariO:0043",1,2737
3810,"VariO:0015",1,2237
3812,"VariO:0017",1,359
3812,"VariO:0030",1,359
3815,"VariO:0015",1,2008
3815,"VariO:0508",1,2008
3815,"VariO:0187",1,2008
3817,"VariO:0017",1,2962
3818,"VariO:0017",1,2963
3820,"VariO:0017",1,1515
3820,"VariO:0015",1,1515
3820,"VariO:0193",1,1515
3821,"VariO:0187",1,3244
3821,"VariO:0132",1,3244
3824,"VariO:0017",1,3088
3826,"VariO:0017",1,1029
3826,"VariO:0015",1,1029
3837,"VariO:0015",1,3540
3837,"VariO:0043",1,3540
3839,"VariO:0017",1,713
3839,"VariO:0015",1,713
3840,"VariO:0017",1,2204
3841,"VariO:0031",1,2110
3841,"VariO:0015",1,2110
3842,"VariO:0017",1,2041
3845,"VariO:0015",1,1612
3845,"VariO:0508",1,1612
3846,"VariO:0017",1,3545
3847,"VariO:0017",1,2472
3847,"VariO:0015",1,2472
3848,"VariO:0017",1,2876
3850,"VariO:0017",1,1370
3851,"VariO:0015",1,2306
3854,"VariO:0015",1,3758
3855,"VariO:0017",1,3759
3858,"VariO:0193",1,164
3860,"VariO:0039",1,167
3862,"VariO:0030",1,104
3862,"VariO:0508",1,104
3866,"VariO:0193",1,86
3867,"VariO:0193",1,85
3880,"VariO:0193",1,187
3881,"VariO:0508",1,188
3883,"VariO:0193",1,194
3893,"VariO:0508",1,3761
3894,"VariO:0017",1,27
3894,"VariO:0030",1,27
3894,"VariO:0193",1,27
3899,"VariO:0017",1,1489
3903,"VariO:0043",1,2739
3905,"VariO:0043",1,3521
3917,"VariO:0508",1,3769
3922,"VariO:0508",1,3773
3927,"VariO:0193",1,3293
3931,"VariO:0193",1,2795
3933,"VariO:0193",1,3607
3935,"VariO:0043",1,3780
3937,"VariO:0508",1,3782
3939,"VariO:0017",1,3784
3940,"VariO:0017",1,3785
3941,"VariO:0015",1,3786
3942,"VariO:0017",1,3788
3943,"VariO:0017",1,3789
3943,"VariO:0015",1,3789
3944,"VariO:0017",1,3790
3944,"VariO:0193",1,3790
3945,"VariO:0017",1,3791
3945,"VariO:0015",1,3791
3949,"VariO:0017",1,3795
3950,"VariO:0017",1,3796
3950,"VariO:0015",1,3796
3951,"VariO:0017",1,3797
3952,"VariO:0015",1,3798
3953,"VariO:0017",1,3799
3953,"VariO:0015",1,3799
3954,"VariO:0017",1,3800
3954,"VariO:0015",1,3800
3955,"VariO:0017",1,3801
3955,"VariO:0015",1,3801
3956,"VariO:0017",1,3802
3957,"VariO:0017",1,3803
3957,"VariO:0015",1,3803
3959,"VariO:0017",1,3805
3959,"VariO:0015",1,3805
3960,"VariO:0017",1,3806
3961,"VariO:0017",1,3807
3961,"VariO:0015",1,3807
3963,"VariO:0015",1,3809
3965,"VariO:0017",1,3811
3965,"VariO:0015",1,3811
3966,"VariO:0015",1,3812
3968,"VariO:0017",1,3814
3969,"VariO:0017",1,3815
3969,"VariO:0508",1,3815
3973,"VariO:0015",1,1458
3977,"VariO:0017",1,3313
3977,"VariO:0015",1,3313
3979,"VariO:0508",1,3820
3981,"VariO:0030",1,221
3983,"VariO:0508",1,3823
3985,"VariO:0043",1,2718
3986,"VariO:0187",1,3825
3993,"VariO:0017",1,2831
4000,"VariO:0031",1,3248
4001,"VariO:0017",1,1832
4001,"VariO:0015",1,1832
4006,"VariO:0017",1,1891
4007,"VariO:0015",1,2794
4007,"VariO:0040",1,2794
4014,"VariO:0017",1,2635
4016,"VariO:0508",1,2904
4020,"VariO:0508",1,3847
4021,"VariO:0508",1,3848
4025,"VariO:0031",1,3283
4025,"VariO:0508",1,3283
4031,"VariO:0187",1,3856
4037,"VariO:0193",1,171
4046,"VariO:0030",1,3605
4047,"VariO:0508",1,3857
4047,"VariO:0193",1,3857
4048,"VariO:0039",1,2050
4050,"VariO:0039",1,3858
4055,"VariO:0193",1,724
4059,"VariO:0031",1,178
4059,"VariO:0193",1,178
4059,"VariO:0187",1,178
4062,"VariO:0193",1,179
4062,"VariO:0187",1,179
4063,"VariO:0030",1,3859
4066,"VariO:0031",1,3170
4067,"VariO:0031",1,2323
4075,"VariO:0193",1,3043
4079,"VariO:0017",1,3493
4079,"VariO:0015",1,3493
4091,"VariO:0508",1,2895
4094,"VariO:0193",1,3864
4097,"VariO:0193",1,3866
4097,"VariO:0187",1,3866
4100,"VariO:0193",1,3867
4104,"VariO:0030",1,225
4107,"VariO:0508",1,3040
4107,"VariO:0193",1,3040
4107,"VariO:0187",1,3040
4107,"VariO:0144",1,3040
4123,"VariO:0193",1,3874
4128,"VariO:0187",1,1275
4136,"VariO:0193",1,3875
4150,"VariO:0015",1,1085
4151,"VariO:0017",1,1086
4172,"VariO:0031",1,244
4173,"VariO:0031",1,245
4177,"VariO:0193",1,3879
4185,"VariO:0508",1,2099
4188,"VariO:0017",1,2131
4188,"VariO:0015",1,2131
4197,"VariO:0193",1,256
4198,"VariO:0193",1,257
4198,"VariO:0187",1,257
4203,"VariO:0031",1,262
4203,"VariO:0508",1,262
4205,"VariO:0193",1,264
4206,"VariO:0142",1,265
4208,"VariO:0193",1,270
4209,"VariO:0193",1,268
4212,"VariO:0508",1,272
4212,"VariO:0193",1,272
4212,"VariO:0187",1,272
4218,"VariO:0193",1,49
4219,"VariO:0193",1,67
4219,"VariO:0142",1,67
4221,"VariO:0031",1,311
4226,"VariO:0031",1,318
4227,"VariO:0031",1,319
4229,"VariO:0193",1,335
4229,"VariO:0043",1,335
4232,"VariO:0193",1,332
4234,"VariO:0508",1,454
4234,"VariO:0193",1,454
4234,"VariO:0142",1,454
4235,"VariO:0193",1,320
4240,"VariO:0030",1,327
4240,"VariO:0187",1,327
4241,"VariO:0193",1,325
4241,"VariO:0142",1,325
4242,"VariO:0193",1,326
4245,"VariO:0193",1,3884
4247,"VariO:0193",1,488
4248,"VariO:0193",1,489
4249,"VariO:0193",1,490
4253,"VariO:0193",1,480
4256,"VariO:0193",1,483
4260,"VariO:0193",1,494
4260,"VariO:0142",1,494
4268,"VariO:0193",1,502
4269,"VariO:0193",1,503
4271,"VariO:0193",1,505
4280,"VariO:0193",1,517
4292,"VariO:0193",1,530
4296,"VariO:0508",1,550
4309,"VariO:0015",1,535
4310,"VariO:0015",1,536
4312,"VariO:0193",1,538
4320,"VariO:0193",1,472
4321,"VariO:0193",1,473
4328,"VariO:0508",1,3888
4328,"VariO:0193",1,3888
4331,"VariO:0193",1,474
4332,"VariO:0193",1,456
4342,"VariO:0030",1,478
4342,"VariO:0193",1,478
4344,"VariO:0193",1,477
4344,"VariO:0142",1,477
4346,"VariO:0193",1,558
4346,"VariO:0187",1,558
4349,"VariO:0193",1,1964
4359,"VariO:0193",1,3896
4360,"VariO:0508",1,2814
4364,"VariO:0017",1,1395
4364,"VariO:0015",1,1395
4365,"VariO:0508",1,11
4377,"VariO:0508",1,3908
4385,"VariO:0193",1,3916
4396,"VariO:0039",1,1388
4397,"VariO:0030",1,3228
4399,"VariO:0031",1,917
4399,"VariO:0030",1,917
4399,"VariO:0508",1,917
4399,"VariO:0193",1,917
4399,"VariO:0187",1,917
4401,"VariO:0193",1,1596
4404,"VariO:0508",1,1992
4427,"VariO:0017",1,3937
4442,"VariO:0193",1,1184
4443,"VariO:0039",1,1841
4443,"VariO:0043",1,1841
4444,"VariO:0193",1,1017
4465,"VariO:0017",1,3961
4466,"VariO:0031",1,1900
4468,"VariO:0040",1,3604
4495,"VariO:0508",1,3722
4505,"VariO:0017",1,142
4505,"VariO:0193",1,142
4511,"VariO:0193",1,579
4512,"VariO:0193",1,578
4515,"VariO:0193",1,3978
4520,"VariO:0017",1,3982
4520,"VariO:0015",1,3982
4523,"VariO:0017",1,3988
4523,"VariO:0015",1,3988
4524,"VariO:0017",1,3989
4524,"VariO:0015",1,3989
4525,"VariO:0017",1,3990
4525,"VariO:0015",1,3990
4526,"VariO:0017",1,3991
4526,"VariO:0508",1,3991
4527,"VariO:0017",1,3992
4527,"VariO:0015",1,3992
4531,"VariO:0017",1,3996
4531,"VariO:0015",1,3996
4533,"VariO:0508",1,3997
4539,"VariO:0193",1,4002
4546,"VariO:0017",1,4010
4552,"VariO:0508",1,4016
4556,"VariO:0017",1,4020
4558,"VariO:0017",1,4022
4558,"VariO:0015",1,4022
4561,"VariO:0017",1,4025
4561,"VariO:0015",1,4025
4562,"VariO:0017",1,4026
4563,"VariO:0017",1,4027
4567,"VariO:0017",1,4030
4568,"VariO:0015",1,4031
4569,"VariO:0193",1,4032
4570,"VariO:0015",1,4033
4570,"VariO:0508",1,4033
4571,"VariO:0015",1,4034
4572,"VariO:0017",1,4035
4573,"VariO:0015",1,4036
4574,"VariO:0017",1,4037
4575,"VariO:0017",1,4038
4575,"VariO:0015",1,4038
4575,"VariO:0193",1,4038
4576,"VariO:0017",1,4039
4576,"VariO:0015",1,4039
4577,"VariO:0017",1,4040
4577,"VariO:0015",1,4040
4579,"VariO:0017",1,4042
4579,"VariO:0015",1,4042
4581,"VariO:0017",1,4044
4581,"VariO:0015",1,4044
4581,"VariO:0030",1,4044
4582,"VariO:0015",1,4045
4583,"VariO:0017",1,4046
4583,"VariO:0015",1,4046
4584,"VariO:0017",1,4047
4584,"VariO:0015",1,4047
4588,"VariO:0017",1,4050
4588,"VariO:0031",1,4050
4589,"VariO:0017",1,4051
4589,"VariO:0015",1,4051
4595,"VariO:0017",1,4056
4595,"VariO:0015",1,4056
4597,"VariO:0017",1,4058
4598,"VariO:0017",1,4059
4598,"VariO:0015",1,4059
4603,"VariO:0187",1,4060
4603,"VariO:0039",1,4060
4612,"VariO:0031",1,1817
4613,"VariO:0031",1,4064
4622,"VariO:0043",1,1437
4624,"VariO:0030",1,2413
4625,"VariO:0015",1,2414
4630,"VariO:0040",1,4041
4632,"VariO:0030",1,4068
4632,"VariO:0142",1,4068
4634,"VariO:0030",1,4069
4634,"VariO:0193",1,4069
4635,"VariO:0193",1,1144
4636,"VariO:0017",1,2694
4639,"VariO:0030",1,4071
4639,"VariO:0193",1,4071
4645,"VariO:0030",1,2491
4651,"VariO:0030",1,1422
4651,"VariO:0193",1,1422
4666,"VariO:0193",1,591
4676,"VariO:0193",1,599
4676,"VariO:0043",1,599
4677,"VariO:0187",1,600
4678,"VariO:0193",1,609
4679,"VariO:0193",1,611
4680,"VariO:0193",1,4073
4683,"VariO:0193",1,606
4684,"VariO:0187",1,607
4686,"VariO:0193",1,610
4688,"VariO:0193",1,652
4691,"VariO:0193",1,620
4708,"VariO:0193",1,665
4715,"VariO:0193",1,671
4721,"VariO:0193",1,661
4723,"VariO:0193",1,660
4724,"VariO:0193",1,659
4728,"VariO:0193",1,682
4733,"VariO:0043",1,3726
4738,"VariO:0193",1,1618
4741,"VariO:0193",1,4089
4762,"VariO:0193",1,4107
4768,"VariO:0017",1,4113
4768,"VariO:0193",1,4113
4778,"VariO:0193",1,4121
4787,"VariO:0193",1,3659
4799,"VariO:0508",1,4135
4807,"VariO:0017",1,334
4807,"VariO:0015",1,334
4807,"VariO:0508",1,334
4807,"VariO:0193",1,334
4807,"VariO:0043",1,334
4823,"VariO:0017",1,4028
4824,"VariO:0031",1,3837
4824,"VariO:0030",1,3837
4832,"VariO:0508",1,3312
4836,"VariO:0193",1,1389
4839,"VariO:0508",1,2276
4848,"VariO:0508",1,108
4853,"VariO:0193",1,4151
4856,"VariO:0193",1,4152
4857,"VariO:0193",1,2654
4858,"VariO:0193",1,3408
4865,"VariO:0193",1,45
4868,"VariO:0043",1,2736
4875,"VariO:0193",1,1486
4876,"VariO:0193",1,4136
4878,"VariO:0193",1,4153
4879,"VariO:0031",1,2266
4884,"VariO:0193",1,703
4887,"VariO:0193",1,687
4900,"VariO:0193",1,700
4901,"VariO:0193",1,701
4901,"VariO:0187",1,701
4902,"VariO:0030",1,702
4902,"VariO:0187",1,702
4902,"VariO:0142",1,702
4903,"VariO:0193",1,697
4905,"VariO:0193",1,699
4910,"VariO:0193",1,409
4911,"VariO:0017",1,407
4936,"VariO:0193",1,759
4940,"VariO:0193",1,763
4941,"VariO:0193",1,764
4942,"VariO:0193",1,765
4948,"VariO:0193",1,771
4952,"VariO:0193",1,775
4953,"VariO:0193",1,776
4954,"VariO:0193",1,777
4956,"VariO:0193",1,779
4956,"VariO:0187",1,779
4956,"VariO:0142",1,779
4957,"VariO:0015",1,780
4959,"VariO:0187",1,784
4965,"VariO:0508",1,845
4971,"VariO:0030",1,851
4971,"VariO:0187",1,851
4972,"VariO:0031",1,852
4980,"VariO:0193",1,860
4983,"VariO:0030",1,849
4983,"VariO:0193",1,849
4985,"VariO:0017",1,4159
4985,"VariO:0508",1,4159
4987,"VariO:0193",1,861
4992,"VariO:0187",1,866
5001,"VariO:0193",1,1510
5001,"VariO:0142",1,1510
5003,"VariO:0193",1,876
5004,"VariO:0193",1,877
5004,"VariO:0187",1,877
5009,"VariO:0193",1,881
5012,"VariO:0193",1,884
5016,"VariO:0193",1,888
5018,"VariO:0193",1,890
5021,"VariO:0193",1,4161
5024,"VariO:0015",1,4163
5032,"VariO:0508",1,4171
5036,"VariO:0193",1,892
5041,"VariO:0017",1,4178
5041,"VariO:0015",1,4178
5046,"VariO:0017",1,4180
5050,"VariO:0193",1,4101
5052,"VariO:0015",1,4184
5060,"VariO:0031",1,1247
5066,"VariO:0030",1,4198
5066,"VariO:0193",1,4198
5067,"VariO:0193",1,3026
5071,"VariO:0031",1,4202
5077,"VariO:0043",1,4208
5082,"VariO:0031",1,4211
5084,"VariO:0193",1,897
5088,"VariO:0040",1,901
5088,"VariO:0043",1,901
5091,"VariO:0015",1,905
5092,"VariO:0017",1,904
5095,"VariO:0017",1,908
5098,"VariO:0030",1,3500
5098,"VariO:0508",1,3500
5098,"VariO:0193",1,3500
5113,"VariO:0193",1,1049
5114,"VariO:0508",1,4216
5114,"VariO:0039",1,4216
5115,"VariO:0031",1,4217
5115,"VariO:0508",1,4217
5116,"VariO:0193",1,4218
5118,"VariO:0193",1,3251
5123,"VariO:0040",1,4222
5125,"VariO:0031",1,4224
5127,"VariO:0031",1,4226
5129,"VariO:0193",1,4228
5131,"VariO:0031",1,4191
5134,"VariO:0508",1,3516
5142,"VariO:0193",1,924
5165,"VariO:0030",1,4247
5165,"VariO:0193",1,4247
5167,"VariO:0193",1,4248
5171,"VariO:0508",1,4252
5183,"VariO:0015",1,4261
5183,"VariO:0508",1,4261
5185,"VariO:0193",1,926
5188,"VariO:0193",1,4263
5189,"VariO:0015",1,4264
5192,"VariO:0030",1,4265
5220,"VariO:0017",1,2075
5225,"VariO:0040",1,2477
5227,"VariO:0030",1,3813
5228,"VariO:0187",1,301
5228,"VariO:0040",1,301
5231,"VariO:0193",1,1025
5232,"VariO:0193",1,1625
5233,"VariO:0193",1,1554
5234,"VariO:0193",1,2475
5234,"VariO:0132",1,2475
5237,"VariO:0193",1,929
5245,"VariO:0193",1,4291
5246,"VariO:0187",1,1400
5249,"VariO:0017",1,4292
5249,"VariO:0015",1,4292
5250,"VariO:0030",1,1885
5250,"VariO:0193",1,1885
5270,"VariO:0508",1,4294
5271,"VariO:0193",1,4227
5277,"VariO:0193",1,946
5278,"VariO:0193",1,947
5284,"VariO:0193",1,953
5284,"VariO:0187",1,953
5285,"VariO:0193",1,954
5287,"VariO:0508",1,956
5287,"VariO:0193",1,956
5289,"VariO:0017",1,958
5291,"VariO:0040",1,960
5292,"VariO:0043",1,961
5294,"VariO:0193",1,963
5295,"VariO:0193",1,964
5297,"VariO:0193",1,966
5298,"VariO:0193",1,967
5301,"VariO:0017",1,4296
5302,"VariO:0031",1,4297
5307,"VariO:0193",1,1793
5308,"VariO:0030",1,3067
5327,"VariO:0508",1,1374
5328,"VariO:0039",1,4303
5329,"VariO:0031",1,2474
5329,"VariO:0193",1,2474
5329,"VariO:0132",1,2474
5333,"VariO:0031",1,1088
5334,"VariO:0508",1,2465
5335,"VariO:0193",1,3757
5338,"VariO:0193",1,3034
5340,"VariO:0508",1,3693
5341,"VariO:0015",1,3694
5342,"VariO:0030",1,261
5342,"VariO:0193",1,261
5348,"VariO:0017",1,3319
5350,"VariO:0030",1,4308
5350,"VariO:0508",1,4308
5350,"VariO:0193",1,4308
5363,"VariO:0017",1,1467
5364,"VariO:0031",1,260
5366,"VariO:0031",1,4277
5368,"VariO:0017",1,968
5368,"VariO:0015",1,968
5368,"VariO:0193",1,968
5368,"VariO:0187",1,968
5369,"VariO:0193",1,969
5373,"VariO:0193",1,973
5374,"VariO:0193",1,975
5378,"VariO:0193",1,983
5379,"VariO:0193",1,979
5380,"VariO:0193",1,980
5381,"VariO:0193",1,981
5384,"VariO:0193",1,985
5387,"VariO:0193",1,986
5388,"VariO:0193",1,987
5389,"VariO:0193",1,988
5391,"VariO:0193",1,991
5393,"VariO:0193",1,993
5394,"VariO:0508",1,994
5394,"VariO:0193",1,994
5395,"VariO:0193",1,995
5398,"VariO:0030",1,998
5398,"VariO:0193",1,998
5402,"VariO:0193",1,1003
5403,"VariO:0030",1,1004
5403,"VariO:0193",1,1004
5404,"VariO:0030",1,1005
5404,"VariO:0193",1,1005
5407,"VariO:0030",1,1008
5407,"VariO:0193",1,1008
5409,"VariO:0193",1,1010
5412,"VariO:0030",1,2887
5413,"VariO:0189",1,1011
5414,"VariO:0031",1,2531
5415,"VariO:0193",1,4318
5417,"VariO:0193",1,4320
5426,"VariO:0508",1,4327
